country,country_code,year,homeownership_rate
Australia,AUS,2010,64.44
Australia,AUS,2011,62.73
Australia,AUS,2012,62.86
Australia,AUS,2013,62.39
Australia,AUS,2014,62.81
Australia,AUS,2015,63.53
Australia,AUS,2016,62.98
Australia,AUS,2017,62.79
Australia,AUS,2018,62.43
Australia,AUS,2019,62.69
Australia,AUS,2020,62.95
Australia,AUS,2021,62.66
Austria,AUT,2010,50.41
Austria,AUT,2011,44.68
Austria,AUT,2012,49.6
Austria,AUT,2013,49.95
Austria,AUT,2014,49.72
Austria,AUT,2015,48.87
Austria,AUT,2016,47.86
Austria,AUT,2017,47.42
Austria,AUT,2018,47.86
Austria,AUT,2019,47.79
Austria,AUT,2020,48.36
Austria,AUT,2021,47.58
Austria,AUT,2022,45.22
Austria,AUT,2023,47.52
Austria,AUT,2024,47.88
Belgium,BEL,2010,65.65
Belgium,BEL,2011,66.37
Belgium,BEL,2012,67.27
Belgium,BEL,2013,66.73
Belgium,BEL,2014,66.11
Belgium,BEL,2015,65.9
Belgium,BEL,2016,66.27
Belgium,BEL,2017,67.86
Belgium,BEL,2018,67.25
Belgium,BEL,2019,66.32
Belgium,BEL,2020,66.02
Belgium,BEL,2021,66.03
Belgium,BEL,2022,67.04
Belgium,BEL,2023,66.49
Belgium,BEL,2024,65.82
Bulgaria,BGR,2010,85.98
Bulgaria,BGR,2011,86.07
Bulgaria,BGR,2012,86.21
Bulgaria,BGR,2013,84.83
Bulgaria,BGR,2014,83.56
Bulgaria,BGR,2015,82.13
Bulgaria,BGR,2016,82.11
Bulgaria,BGR,2017,82.47
Bulgaria,BGR,2018,83.13
Bulgaria,BGR,2019,83.81
Bulgaria,BGR,2020,84.37
Bulgaria,BGR,2021,85.17
Bulgaria,BGR,2022,85.3
Bulgaria,BGR,2023,85.94
Bulgaria,BGR,2024,85.25
Canada,CAN,2010,69.47
Canada,CAN,2011,69.27
Canada,CAN,2012,69.61
Canada,CAN,2013,69.11
Canada,CAN,2014,69.78
Canada,CAN,2015,69.05
Canada,CAN,2016,68.14
Canada,CAN,2017,68.76
Canada,CAN,2018,69.16
Canada,CAN,2019,69.58
Canada,CAN,2020,68.13
Canada,CAN,2021,68.12
Canada,CAN,2022,68.67
Switzerland,CHE,2010,39.56
Switzerland,CHE,2011,38.87
Switzerland,CHE,2012,40.16
Switzerland,CHE,2013,39.78
Switzerland,CHE,2014,40.27
Switzerland,CHE,2015,38.4
Switzerland,CHE,2016,37.35
Switzerland,CHE,2018,37.97
Switzerland,CHE,2019,37.44
Switzerland,CHE,2020,37.96
Switzerland,CHE,2021,37.54
Switzerland,CHE,2022,38.07
Switzerland,CHE,2023,38.2
Chile,CHL,2011,65.47
Chile,CHL,2013,64.61
Chile,CHL,2015,63.63
Chile,CHL,2017,60.39
Chile,CHL,2020,61.77
Chile,CHL,2022,57.02
Colombia,COL,2010,48.29
Colombia,COL,2011,47.77
Colombia,COL,2012,43.31
Colombia,COL,2013,43.38
Colombia,COL,2014,41.44
Colombia,COL,2015,40.51
Colombia,COL,2016,40.39
Colombia,COL,2017,39.22
Colombia,COL,2018,38.38
Colombia,COL,2019,38.21
Colombia,COL,2020,37.02
Colombia,COL,2021,35.47
Colombia,COL,2022,37.18
Colombia,COL,2023,36.16
Colombia,COL,2024,35.91
Costa Rica,CRI,2010,70.44
Costa Rica,CRI,2011,70.23
Costa Rica,CRI,2012,70.02
Costa Rica,CRI,2013,71.11
Costa Rica,CRI,2014,72.21
Costa Rica,CRI,2015,70.61
Costa Rica,CRI,2016,71.22
Costa Rica,CRI,2017,72.82
Costa Rica,CRI,2018,71.27
Costa Rica,CRI,2019,70.88
Costa Rica,CRI,2020,72.29
Costa Rica,CRI,2021,74.21
Costa Rica,CRI,2022,74.01
Costa Rica,CRI,2023,73.56
Costa Rica,CRI,2024,73.28
Cyprus,CYP,2010,65.33
Cyprus,CYP,2011,65.92
Cyprus,CYP,2012,65.39
Cyprus,CYP,2013,66.35
Cyprus,CYP,2014,65.42
Cyprus,CYP,2015,65.85
Cyprus,CYP,2016,65.62
Cyprus,CYP,2017,64.44
Cyprus,CYP,2018,63.72
Cyprus,CYP,2019,61.64
Cyprus,CYP,2020,61.6
Cyprus,CYP,2021,63.24
Cyprus,CYP,2022,63.17
Cyprus,CYP,2023,62.62
Cyprus,CYP,2024,63.41
Czechia,CZE,2010,76.62
Czechia,CZE,2011,77.86
Czechia,CZE,2012,78.22
Czechia,CZE,2013,77.89
Czechia,CZE,2014,76.49
Czechia,CZE,2015,75.33
Czechia,CZE,2016,75.33
Czechia,CZE,2017,75.62
Czechia,CZE,2018,75.41
Czechia,CZE,2019,75.44
Czechia,CZE,2020,75.5
Czechia,CZE,2021,74.93
Czechia,CZE,2022,73.61
Czechia,CZE,2023,72.66
Czechia,CZE,2024,71.81
Germany,DEU,2010,44.33
Germany,DEU,2012,44.78
Germany,DEU,2014,45.0
Germany,DEU,2015,43.88
Germany,DEU,2016,44.22
Germany,DEU,2017,43.81
Germany,DEU,2018,44.09
Germany,DEU,2019,43.76
Germany,DEU,2020,43.55
Germany,DEU,2021,43.14
Germany,DEU,2022,40.74
Germany,DEU,2023,41.25
Germany,DEU,2024,40.96
Denmark,DNK,2010,57.41
Denmark,DNK,2011,56.67
Denmark,DNK,2012,54.41
Denmark,DNK,2013,54.7
Denmark,DNK,2014,53.86
Denmark,DNK,2015,53.34
Denmark,DNK,2016,52.57
Denmark,DNK,2017,53.88
Denmark,DNK,2018,52.97
Denmark,DNK,2019,52.73
Denmark,DNK,2020,51.25
Denmark,DNK,2021,50.37
Denmark,DNK,2022,50.83
Denmark,DNK,2023,50.87
Denmark,DNK,2024,52.22
Spain,ESP,2010,79.38
Spain,ESP,2011,79.59
Spain,ESP,2012,79.18
Spain,ESP,2013,77.68
Spain,ESP,2014,78.05
Spain,ESP,2015,77.21
Spain,ESP,2016,77.11
Spain,ESP,2017,76.68
Spain,ESP,2018,75.89
Spain,ESP,2019,75.62
Spain,ESP,2020,75.41
Spain,ESP,2021,76.02
Spain,ESP,2022,76.05
Spain,ESP,2023,75.19
Spain,ESP,2024,73.64
Estonia,EST,2010,81.81
Estonia,EST,2011,79.9
Estonia,EST,2012,78.37
Estonia,EST,2013,76.46
Estonia,EST,2014,77.16
Estonia,EST,2015,76.84
Estonia,EST,2016,76.32
Estonia,EST,2017,77.12
Estonia,EST,2018,77.42
Estonia,EST,2019,76.36
Estonia,EST,2020,76.69
Estonia,EST,2021,76.03
Estonia,EST,2022,76.84
Estonia,EST,2023,76.16
Estonia,EST,2024,74.97
Finland,FIN,2010,68.4
Finland,FIN,2011,67.92
Finland,FIN,2012,68.08
Finland,FIN,2013,67.27
Finland,FIN,2014,66.41
Finland,FIN,2015,65.91
Finland,FIN,2016,64.62
Finland,FIN,2017,64.56
Finland,FIN,2018,64.67
Finland,FIN,2019,63.94
Finland,FIN,2020,63.66
Finland,FIN,2021,63.76
Finland,FIN,2022,62.89
Finland,FIN,2023,61.9
Finland,FIN,2024,61.0
France,FRA,2010,58.8
France,FRA,2011,60.03
France,FRA,2012,60.64
France,FRA,2013,61.08
France,FRA,2014,61.44
France,FRA,2015,60.94
France,FRA,2016,61.49
France,FRA,2017,60.94
France,FRA,2018,61.95
France,FRA,2019,60.59
France,FRA,2020,61.15
France,FRA,2021,61.11
France,FRA,2022,60.47
France,FRA,2023,60.17
France,FRA,2024,58.56
United Kingdom,GBR,2010,67.02
United Kingdom,GBR,2011,65.38
United Kingdom,GBR,2012,65.94
United Kingdom,GBR,2013,65.46
United Kingdom,GBR,2014,65.45
United Kingdom,GBR,2015,66.37
United Kingdom,GBR,2016,66.23
United Kingdom,GBR,2017,66.11
United Kingdom,GBR,2018,66.62
United Kingdom,GBR,2019,66.82
United Kingdom,GBR,2020,67.32
United Kingdom,GBR,2021,67.66
United Kingdom,GBR,2022,68.38
Greece,GRC,2010,73.06
Greece,GRC,2011,71.72
Greece,GRC,2012,73.02
Greece,GRC,2013,72.84
Greece,GRC,2014,72.07
Greece,GRC,2015,72.92
Greece,GRC,2016,72.4
Greece,GRC,2017,72.0
Greece,GRC,2018,72.34
Greece,GRC,2019,73.2
Greece,GRC,2020,72.56
Greece,GRC,2021,71.98
Greece,GRC,2022,71.5
Greece,GRC,2023,68.07
Greece,GRC,2024,68.17
Croatia,HRV,2016,89.82
Croatia,HRV,2017,90.42
Croatia,HRV,2018,89.71
Croatia,HRV,2019,89.08
Croatia,HRV,2020,91.21
Croatia,HRV,2021,90.21
Croatia,HRV,2022,91.05
Croatia,HRV,2023,90.52
Croatia,HRV,2024,90.31
Hungary,HUN,2010,88.14
Hungary,HUN,2011,88.27
Hungary,HUN,2012,89.18
Hungary,HUN,2013,88.49
Hungary,HUN,2014,87.23
Hungary,HUN,2015,83.48
Hungary,HUN,2016,85.94
Hungary,HUN,2017,84.75
Hungary,HUN,2018,84.79
Ireland,IRL,2010,72.95
Ireland,IRL,2011,70.44
Ireland,IRL,2012,69.46
Ireland,IRL,2013,70.39
Ireland,IRL,2014,69.39
Ireland,IRL,2015,70.86
Ireland,IRL,2016,72.68
Ireland,IRL,2017,71.62
Ireland,IRL,2018,71.48
Ireland,IRL,2019,69.72
Ireland,IRL,2020,69.17
Ireland,IRL,2021,68.84
Ireland,IRL,2022,68.29
Ireland,IRL,2023,68.01
Ireland,IRL,2024,68.18
Iceland,ISL,2010,75.37
Iceland,ISL,2011,72.07
Iceland,ISL,2012,71.89
Iceland,ISL,2013,72.79
Iceland,ISL,2014,73.99
Iceland,ISL,2015,72.82
Iceland,ISL,2016,73.41
Iceland,ISL,2018,67.25
Iceland,ISL,2019,77.36
Iceland,ISL,2020,78.35
Italy,ITA,2010,71.24
Italy,ITA,2011,71.66
Italy,ITA,2012,73.33
Italy,ITA,2013,72.01
Italy,ITA,2014,71.82
Italy,ITA,2015,72.04
Italy,ITA,2016,71.2
Italy,ITA,2017,71.47
Italy,ITA,2018,71.27
Italy,ITA,2019,71.56
Italy,ITA,2020,74.04
Italy,ITA,2021,72.48
Italy,ITA,2022,73.1
Italy,ITA,2023,73.95
Italy,ITA,2024,75.2
Korea,KOR,2010,54.25
Korea,KOR,2012,53.78
Korea,KOR,2014,53.64
Korea,KOR,2016,57.9
Korea,KOR,2017,59.15
Korea,KOR,2018,58.71
Korea,KOR,2019,59.12
Korea,KOR,2020,58.69
Korea,KOR,2021,58.05
Korea,KOR,2022,58.24
Korea,KOR,2023,58.02
Lithuania,LTU,2010,93.71
Lithuania,LTU,2011,92.02
Lithuania,LTU,2012,91.75
Lithuania,LTU,2013,91.27
Lithuania,LTU,2014,89.93
Lithuania,LTU,2015,89.68
Lithuania,LTU,2016,89.86
Lithuania,LTU,2017,88.96
Lithuania,LTU,2018,89.28
Lithuania,LTU,2019,90.27
Lithuania,LTU,2020,88.82
Lithuania,LTU,2021,89.76
Lithuania,LTU,2022,88.04
Lithuania,LTU,2023,88.42
Lithuania,LTU,2024,86.83
Luxembourg,LUX,2010,64.31
Luxembourg,LUX,2011,64.0
Luxembourg,LUX,2012,67.44
Luxembourg,LUX,2013,69.0
Luxembourg,LUX,2014,69.0
Luxembourg,LUX,2015,70.0
Luxembourg,LUX,2016,70.26
Luxembourg,LUX,2017,70.73
Luxembourg,LUX,2018,67.8
Luxembourg,LUX,2019,66.78
Luxembourg,LUX,2020,65.38
Luxembourg,LUX,2021,68.06
Luxembourg,LUX,2022,69.85
Luxembourg,LUX,2023,65.74
Luxembourg,LUX,2024,62.3
Latvia,LVA,2010,82.4
Latvia,LVA,2011,81.4
Latvia,LVA,2012,79.9
Latvia,LVA,2013,79.85
Latvia,LVA,2014,79.82
Latvia,LVA,2015,78.37
Latvia,LVA,2016,79.49
Latvia,LVA,2017,79.34
Latvia,LVA,2018,79.8
Latvia,LVA,2019,78.01
Latvia,LVA,2020,79.07
Latvia,LVA,2021,80.53
Latvia,LVA,2022,81.18
Latvia,LVA,2023,80.69
Latvia,LVA,2024,80.68
Mexico,MEX,2010,69.79
Mexico,MEX,2012,68.46
Mexico,MEX,2014,71.69
Mexico,MEX,2016,68.92
Mexico,MEX,2018,68.27
Mexico,MEX,2020,69.63
Mexico,MEX,2022,69.58
Malta,MLT,2010,75.67
Malta,MLT,2011,76.41
Malta,MLT,2012,77.55
Malta,MLT,2013,76.57
Malta,MLT,2014,76.18
Malta,MLT,2015,76.28
Malta,MLT,2016,76.97
Malta,MLT,2017,77.72
Malta,MLT,2018,78.72
Malta,MLT,2019,77.0
Malta,MLT,2020,78.53
Malta,MLT,2021,77.88
Malta,MLT,2022,78.85
Malta,MLT,2023,72.03
Malta,MLT,2024,66.0
Netherlands,NLD,2010,56.96
Netherlands,NLD,2011,57.04
Netherlands,NLD,2012,56.59
Netherlands,NLD,2013,56.38
Netherlands,NLD,2014,56.52
Netherlands,NLD,2015,56.57
Netherlands,NLD,2016,58.16
Netherlands,NLD,2017,58.13
Netherlands,NLD,2018,57.7
Netherlands,NLD,2019,58.04
Netherlands,NLD,2020,58.07
Netherlands,NLD,2021,58.3
Netherlands,NLD,2022,58.37
Netherlands,NLD,2023,57.51
Netherlands,NLD,2024,57.92
Norway,NOR,2010,76.68
Norway,NOR,2011,77.68
Norway,NOR,2012,77.43
Norway,NOR,2013,76.84
Norway,NOR,2014,76.44
Norway,NOR,2015,74.18
Norway,NOR,2016,74.38
Norway,NOR,2017,72.52
Norway,NOR,2018,72.73
Norway,NOR,2019,72.45
Norway,NOR,2020,72.97
Norway,NOR,2022,72.34
Norway,NOR,2023,72.06
Norway,NOR,2024,72.29
New Zealand,NZL,2019,58.04
New Zealand,NZL,2020,58.07
New Zealand,NZL,2021,58.3
New Zealand,NZL,2022,58.37
New Zealand,NZL,2023,57.45
Poland,POL,2010,79.18
Poland,POL,2011,79.92
Poland,POL,2012,80.16
Poland,POL,2013,81.39
Poland,POL,2014,81.1
Poland,POL,2015,80.82
Poland,POL,2016,80.6
Poland,POL,2017,80.76
Poland,POL,2018,81.05
Poland,POL,2019,81.04
Poland,POL,2020,82.46
Poland,POL,2021,83.79
Poland,POL,2022,84.14
Poland,POL,2023,84.72
Poland,POL,2024,84.74
Portugal,PRT,2010,73.34
Portugal,PRT,2011,73.72
Portugal,PRT,2012,73.3
Portugal,PRT,2013,73.11
Portugal,PRT,2014,73.86
Portugal,PRT,2015,73.1
Portugal,PRT,2016,73.34
Portugal,PRT,2017,72.86
Portugal,PRT,2018,72.46
Portugal,PRT,2019,71.88
Portugal,PRT,2020,75.06
Portugal,PRT,2021,75.84
Portugal,PRT,2022,75.91
Portugal,PRT,2023,74.86
Portugal,PRT,2024,72.14
Romania,ROU,2010,97.31
Romania,ROU,2011,96.42
Romania,ROU,2012,96.58
Romania,ROU,2013,95.55
Romania,ROU,2014,96.29
Romania,ROU,2015,96.45
Romania,ROU,2016,96.02
Romania,ROU,2017,96.63
Romania,ROU,2018,95.93
Romania,ROU,2019,95.48
Romania,ROU,2020,95.89
Romania,ROU,2021,94.48
Romania,ROU,2022,94.64
Romania,ROU,2023,94.77
Romania,ROU,2024,92.77
Slovak Republic,SVK,2010,89.89
Slovak Republic,SVK,2011,90.08
Slovak Republic,SVK,2012,90.19
Slovak Republic,SVK,2013,90.61
Slovak Republic,SVK,2014,90.18
Slovak Republic,SVK,2015,89.11
Slovak Republic,SVK,2016,88.95
Slovak Republic,SVK,2017,89.62
Slovak Republic,SVK,2018,90.31
Slovak Republic,SVK,2019,90.34
Slovak Republic,SVK,2020,91.44
Slovak Republic,SVK,2021,92.36
Slovak Republic,SVK,2022,92.51
Slovak Republic,SVK,2023,93.03
Slovak Republic,SVK,2024,93.45
Slovenia,SVN,2010,76.78
Slovenia,SVN,2011,75.91
Slovenia,SVN,2012,74.41
Slovenia,SVN,2013,75.26
Slovenia,SVN,2014,75.63
Slovenia,SVN,2015,75.05
Slovenia,SVN,2016,73.78
Slovenia,SVN,2017,74.53
Slovenia,SVN,2018,74.44
Slovenia,SVN,2019,74.27
Slovenia,SVN,2020,73.97
Slovenia,SVN,2021,76.0
Slovenia,SVN,2022,75.2
Slovenia,SVN,2023,75.26
Slovenia,SVN,2024,73.9
Sweden,SWE,2010,63.02
Sweden,SWE,2011,62.34
Sweden,SWE,2012,63.24
Sweden,SWE,2013,62.14
Sweden,SWE,2014,62.06
Sweden,SWE,2015,59.49
Sweden,SWE,2016,59.14
Sweden,SWE,2017,58.65
Sweden,SWE,2018,57.73
Sweden,SWE,2019,57.98
Sweden,SWE,2020,58.43
Sweden,SWE,2021,58.21
Sweden,SWE,2022,58.27
Sweden,SWE,2023,58.28
Sweden,SWE,2024,58.19
Türkiye,TUR,2010,58.99
Türkiye,TUR,2011,58.47
Türkiye,TUR,2012,59.24
Türkiye,TUR,2013,59.21
Türkiye,TUR,2014,59.29
Türkiye,TUR,2015,58.51
Türkiye,TUR,2016,58.18
Türkiye,TUR,2017,57.66
Türkiye,TUR,2018,57.01
Türkiye,TUR,2019,56.75
Türkiye,TUR,2020,55.71
United States,USA,2010,65.42
United States,USA,2011,64.68
United States,USA,2012,64.01
United States,USA,2013,63.58
United States,USA,2014,63.18
United States,USA,2015,63.14
United States,USA,2016,63.19
United States,USA,2017,63.95
United States,USA,2018,64.02
United States,USA,2019,64.16
United States,USA,2020,65.46
United States,USA,2021,65.46
United States,USA,2022,65.26
United States,USA,2023,65.31
