country,country_code,year,income_share_top10,wealth_share_top10,income_wealth_ratio
Australia,AUS,2000,0.3189,0.5649000000000001,0.5645246946362188
Australia,AUS,2001,0.3171,0.5647,0.5615370993447848
Australia,AUS,2002,0.3264,0.5663,0.5763729472011302
Australia,AUS,2003,0.3261,0.5663,0.5758431926540702
Australia,AUS,2004,0.3329,0.5673,0.5868147364710029
Australia,AUS,2005,0.3369,0.5679000000000001,0.5932382461701002
Australia,AUS,2006,0.3383,0.5682,0.5953889475536782
Australia,AUS,2007,0.3414,0.5687,0.6003165113416564
Australia,AUS,2008,0.3431,0.5696,0.6023525280898877
Australia,AUS,2009,0.3512,0.5713,0.6147383161211273
Australia,AUS,2010,0.3487,0.5703,0.6114325793442048
Australia,AUS,2011,0.3515,0.5714,0.6151557577878893
Australia,AUS,2012,0.3508,0.5722,0.6130723523243621
Australia,AUS,2013,0.3482,0.5721,0.6086348540464953
Australia,AUS,2014,0.3486,0.5729000000000001,0.6084831558736253
Australia,AUS,2015,0.3448,0.5708,0.6040644709180099
Australia,AUS,2016,0.3374,0.5688,0.5931786216596343
Australia,AUS,2017,0.3436,0.5710000000000001,0.6017513134851138
Australia,AUS,2018,0.3376,0.5721,0.5901066247159588
Australia,AUS,2019,0.3291,0.5710000000000001,0.5763572679509632
Australia,AUS,2020,0.3406,0.5712,0.5962885154061625
Australia,AUS,2021,0.3541,0.5775,0.6131601731601732
Australia,AUS,2022,0.3517,0.5771000000000001,0.6094264425576156
Australia,AUS,2023,0.3516,0.5760000000000001,0.6104166666666666
Australia,AUS,2024,0.3516,0.5770000000000001,0.6093587521663778
Austria,AUT,2000,0.3224,0.6076,0.5306122448979592
Austria,AUT,2001,0.3161,0.607,0.5207578253706755
Austria,AUT,2002,0.3216,0.6075,0.5293827160493827
Austria,AUT,2003,0.3217,0.6081,0.529024831442197
Austria,AUT,2004,0.3261,0.6112000000000001,0.5335405759162303
Austria,AUT,2005,0.3205,0.6119,0.5237783951626083
Austria,AUT,2006,0.3284,0.6117,0.5368644760503515
Austria,AUT,2007,0.3267,0.6117,0.5340853359489945
Austria,AUT,2008,0.3253,0.613,0.530668841761827
Austria,AUT,2009,0.3131,0.611,0.5124386252045826
Austria,AUT,2010,0.3257,0.6124,0.5318419333768778
Austria,AUT,2011,0.3223,0.6082000000000001,0.5299243669845445
Austria,AUT,2012,0.3179,0.6069,0.5238095238095238
Austria,AUT,2013,0.3155,0.6047,0.5217463204894989
Austria,AUT,2014,0.3115,0.6014,0.5179580977718656
Austria,AUT,2015,0.3126,0.6058,0.5160118851105975
Austria,AUT,2016,0.3267,0.6057,0.5393759286775631
Austria,AUT,2017,0.3158,0.611,0.5168576104746319
Austria,AUT,2018,0.3164,0.6137,0.515561349193417
Austria,AUT,2019,0.3133,0.6132000000000001,0.5109262883235486
Austria,AUT,2020,0.3133,0.6118,0.5120954560313828
Austria,AUT,2021,0.3129,0.6152000000000001,0.5086150845253575
Austria,AUT,2022,0.3133,0.6146,0.5097624471200781
Austria,AUT,2023,0.3175,0.6164000000000001,0.5150876054510058
Austria,AUT,2024,0.3175,0.6171,0.5145033219899531
Belgium,BEL,2000,0.326,0.5264,0.6193009118541034
Belgium,BEL,2001,0.3218,0.5262,0.6115545419992398
Belgium,BEL,2002,0.3157,0.5256000000000001,0.6006468797564687
Belgium,BEL,2003,0.3154,0.5255000000000001,0.6001902949571836
Belgium,BEL,2004,0.3221,0.5261,0.6122410188177152
Belgium,BEL,2005,0.3197,0.526,0.6077946768060836
Belgium,BEL,2006,0.3241,0.5273,0.6146406220367913
Belgium,BEL,2007,0.3334,0.5286000000000001,0.6307226636398031
Belgium,BEL,2008,0.3172,0.5268,0.6021260440394836
Belgium,BEL,2009,0.3094,0.5254,0.5888846593071946
Belgium,BEL,2010,0.3135,0.5264,0.5955547112462006
Belgium,BEL,2011,0.3114,0.5224,0.5960949464012252
Belgium,BEL,2012,0.3138,0.5103,0.6149323927101705
Belgium,BEL,2013,0.3163,0.5047,0.6267089360015851
Belgium,BEL,2014,0.3187,0.5084000000000001,0.6268686073957512
Belgium,BEL,2015,0.3183,0.5162,0.6166214645486247
Belgium,BEL,2016,0.3212,0.5178,0.6203167246040941
Belgium,BEL,2017,0.3183,0.5208,0.6111751152073733
Belgium,BEL,2018,0.3283,0.5219,0.6290477102893274
Belgium,BEL,2019,0.3295,0.5227,0.630380715515592
Belgium,BEL,2020,0.3295,0.5221,0.6311051522696801
Belgium,BEL,2021,0.3294,0.5227,0.6301894011861489
Belgium,BEL,2022,0.3291,0.5223,0.630097645031591
Belgium,BEL,2023,0.3293,0.523,0.6296367112810707
Belgium,BEL,2024,0.3293,0.526,0.6260456273764258
Canada,CAN,2000,0.3648,0.5826,0.6261585993820803
Canada,CAN,2001,0.365,0.5845,0.6244653550042771
Canada,CAN,2002,0.366,0.5858,0.6247866165926937
Canada,CAN,2003,0.3695,0.5872,0.6292574931880108
Canada,CAN,2004,0.3756,0.5910000000000001,0.6355329949238577
Canada,CAN,2005,0.3807,0.5928,0.6422064777327935
Canada,CAN,2006,0.3838,0.5947,0.645367412140575
Canada,CAN,2007,0.3838,0.5963,0.6436357538151936
Canada,CAN,2008,0.3758,0.5963,0.6302196880764716
Canada,CAN,2009,0.3588,0.5943,0.6037354871277132
Canada,CAN,2010,0.3652,0.5975,0.6112133891213389
Canada,CAN,2011,0.3647,0.599,0.608848080133556
Canada,CAN,2012,0.3582,0.599,0.5979966611018365
Canada,CAN,2013,0.3587,0.6007,0.5971366738804728
Canada,CAN,2014,0.3565,0.601,0.5931780366056573
Canada,CAN,2015,0.3539,0.6016,0.5882646276595744
Canada,CAN,2016,0.3413,0.599,0.5697829716193656
Canada,CAN,2017,0.3481,0.6006,0.5795870795870796
Canada,CAN,2018,0.346,0.5999,0.5767627937989664
Canada,CAN,2019,0.3438,0.5995,0.5734778982485405
Canada,CAN,2020,0.3518,0.6022000000000001,0.584191298571903
Canada,CAN,2021,0.3622,0.6065,0.5971970321516901
Canada,CAN,2022,0.3678,0.5979,0.6151530356246865
Canada,CAN,2023,0.3678,0.5979,0.6151530356246865
Canada,CAN,2024,0.3678,0.5979,0.6151530356246865
Switzerland,CHE,2000,0.3242,0.5952000000000001,0.5446908602150536
Switzerland,CHE,2001,0.3141,0.5953,0.5276331261548798
Switzerland,CHE,2002,0.3049,0.5917,0.51529491296265
Switzerland,CHE,2003,0.3242,0.5855,0.5537147736976943
Switzerland,CHE,2004,0.3303,0.5807,0.5687962803513001
Switzerland,CHE,2005,0.3429,0.5862,0.5849539406345956
Switzerland,CHE,2006,0.3502,0.5894,0.5941635561588056
Switzerland,CHE,2007,0.3362,0.5988,0.5614562458249833
Switzerland,CHE,2008,0.3108,0.5964,0.5211267605633803
Switzerland,CHE,2009,0.3175,0.5935,0.5349620893007582
Switzerland,CHE,2010,0.339,0.5974,0.5674589889521259
Switzerland,CHE,2011,0.3398,0.5971000000000001,0.56908390554346
Switzerland,CHE,2012,0.3299,0.6011000000000001,0.5488271502245883
Switzerland,CHE,2013,0.3311,0.6089,0.5437674494990967
Switzerland,CHE,2014,0.3289,0.6177,0.5324591225514004
Switzerland,CHE,2015,0.3272,0.6229,0.5252849574570557
Switzerland,CHE,2016,0.3255,0.6251,0.5207166853303472
Switzerland,CHE,2017,0.3215,0.6286,0.5114540248170537
Switzerland,CHE,2018,0.3124,0.6288,0.49681933842239184
Switzerland,CHE,2019,0.3084,0.6252,0.49328214971209217
Switzerland,CHE,2020,0.3084,0.6219,0.49589966232513266
Switzerland,CHE,2021,0.3104,0.6254000000000001,0.49632235369363603
Switzerland,CHE,2022,0.3201,0.628,0.5097133757961784
Switzerland,CHE,2023,0.3146,0.6277,0.5011948382985503
Switzerland,CHE,2024,0.3146,0.6279,0.5010351966873706
Chile,CHL,2000,0.6273000000000001,0.7238,0.8666758773141753
Chile,CHL,2001,0.6188,0.7229,0.855996680038733
Chile,CHL,2002,0.6102000000000001,0.7216,0.8456208425720622
Chile,CHL,2003,0.6016,0.7194,0.8362524325827078
Chile,CHL,2004,0.6163000000000001,0.7225,0.8530103806228374
Chile,CHL,2005,0.6309,0.7240000000000001,0.8714088397790054
Chile,CHL,2006,0.6455000000000001,0.7263000000000001,0.8887512047363348
Chile,CHL,2007,0.6415000000000001,0.7259,0.8837305413968868
Chile,CHL,2008,0.6374000000000001,0.7245,0.8797791580400277
Chile,CHL,2009,0.6334000000000001,0.7241000000000001,0.8747410578649358
Chile,CHL,2010,0.6581,0.727,0.9052269601100413
Chile,CHL,2011,0.6829000000000001,0.7325,0.9322866894197953
Chile,CHL,2012,0.6718000000000001,0.7298,0.9205261715538504
Chile,CHL,2013,0.6607000000000001,0.7344,0.8996459694989107
Chile,CHL,2014,0.6564,0.7289,0.9005350528193168
Chile,CHL,2015,0.6522,0.7286,0.8951413670052154
Chile,CHL,2016,0.6434000000000001,0.7261000000000001,0.8861038424459441
Chile,CHL,2017,0.6346,0.7255,0.8747070985527223
Chile,CHL,2018,0.6199,0.7234,0.856925628974288
Chile,CHL,2019,0.6052000000000001,0.7207,0.839739142500347
Chile,CHL,2020,0.5905,0.7161000000000001,0.8246055020248568
Chile,CHL,2021,0.5926,0.7189,0.8243149255807484
Chile,CHL,2022,0.5947,0.7191000000000001,0.8270059796968432
Chile,CHL,2023,0.5947,0.7187,0.827466258522332
Chile,CHL,2024,0.5947,0.7200000000000001,0.8259722222222221
Colombia,COL,2000,0.6397,0.7254,0.8818582850840916
Colombia,COL,2001,0.6397,0.7253000000000001,0.8819798703984558
Colombia,COL,2002,0.6397,0.7255,0.881736733287388
Colombia,COL,2003,0.6011000000000001,0.7194,0.8355574089519044
Colombia,COL,2004,0.6224000000000001,0.7230000000000001,0.8608575380359612
Colombia,COL,2005,0.6111,0.7216,0.8468680709534367
Colombia,COL,2006,0.613,0.7219,0.8491480814517246
Colombia,COL,2007,0.6149,0.7220000000000001,0.8516620498614957
Colombia,COL,2008,0.6168,0.7226,0.853584278992527
Colombia,COL,2009,0.6058,0.7209,0.8403384658066306
Colombia,COL,2010,0.6007,0.7193,0.8351174753232309
Colombia,COL,2011,0.6056,0.7206,0.8404107688037746
Colombia,COL,2012,0.5825,0.7139,0.8159406079282813
Colombia,COL,2013,0.5870000000000001,0.7169,0.818803180359883
Colombia,COL,2014,0.5595,0.7031000000000001,0.7957616270800739
Colombia,COL,2015,0.5626,0.7059000000000001,0.7969967417481228
Colombia,COL,2016,0.5670000000000001,0.7078,0.801073749646793
Colombia,COL,2017,0.5897,0.7160000000000001,0.8236033519553072
Colombia,COL,2018,0.596,0.7187,0.8292750800055656
Colombia,COL,2019,0.5969,0.7188,0.830411797440178
Colombia,COL,2020,0.6122000000000001,0.7218,0.8481573843169854
Colombia,COL,2021,0.6092000000000001,0.7218,0.8440011083402605
Colombia,COL,2022,0.6331,0.7241000000000001,0.8743267504488329
Colombia,COL,2023,0.5994,0.7191000000000001,0.8335419274092616
Colombia,COL,2024,0.5994,0.7191000000000001,0.8335419274092616
Czech Republic,CZE,2000,0.3001,0.5616,0.5343660968660968
Czech Republic,CZE,2001,0.302,0.5618000000000001,0.5375578497686009
Czech Republic,CZE,2002,0.2937,0.5614,0.5231563947274671
Czech Republic,CZE,2003,0.2943,0.5615,0.5241317898486197
Czech Republic,CZE,2004,0.2988,0.5618000000000001,0.5318618725525097
Czech Republic,CZE,2005,0.3025,0.5621,0.5381604696673189
Czech Republic,CZE,2006,0.3028,0.5655,0.5354553492484527
Czech Republic,CZE,2007,0.3038,0.5691,0.5338253382533825
Czech Republic,CZE,2008,0.3226,0.5730000000000001,0.563001745200698
Czech Republic,CZE,2009,0.2993,0.5673,0.527586814736471
Czech Republic,CZE,2010,0.2987,0.5709000000000001,0.5232089682956734
Czech Republic,CZE,2011,0.2908,0.5719000000000001,0.5084805035845427
Czech Republic,CZE,2012,0.304,0.5722,0.5312827682628452
Czech Republic,CZE,2013,0.2975,0.5752,0.5172114047287899
Czech Republic,CZE,2014,0.3039,0.5797,0.5242366741417975
Czech Republic,CZE,2015,0.3083,0.5760000000000001,0.5352430555555555
Czech Republic,CZE,2016,0.2989,0.5757,0.5191940246656245
Czech Republic,CZE,2017,0.2964,0.5782,0.5126253891387063
Czech Republic,CZE,2018,0.2886,0.5807,0.49698639572929226
Czech Republic,CZE,2019,0.2897,0.5809000000000001,0.4987088999827853
Czech Republic,CZE,2020,0.2897,0.5802,0.4993105825577387
Czech Republic,CZE,2021,0.2903,0.5814,0.49931200550395594
Czech Republic,CZE,2022,0.2903,0.5809000000000001,0.499741779996557
Czech Republic,CZE,2023,0.2911,0.5845,0.49803250641574
Czech Republic,CZE,2024,0.2911,0.5869,0.4959959107173284
Germany,DEU,2000,0.3229,0.5744,0.5621518105849582
Germany,DEU,2001,0.3239,0.5712,0.5670518207282913
Germany,DEU,2002,0.3241,0.5711,0.5675013132551217
Germany,DEU,2003,0.3165,0.5711,0.5541936613552793
Germany,DEU,2004,0.3289,0.5799000000000001,0.567166752888429
Germany,DEU,2005,0.3481,0.5871000000000001,0.5929143246465678
Germany,DEU,2006,0.3531,0.5912000000000001,0.5972598105548038
Germany,DEU,2007,0.3691,0.6013000000000001,0.6138366871777814
Germany,DEU,2008,0.3676,0.6053000000000001,0.6073021642160911
Germany,DEU,2009,0.3725,0.5965,0.6244761106454316
Germany,DEU,2010,0.3669,0.5912000000000001,0.6206021650879566
Germany,DEU,2011,0.3679,0.5878,0.625893160939095
Germany,DEU,2012,0.3632,0.5825,0.6235193133047211
Germany,DEU,2013,0.3776,0.5833,0.6473512772158408
Germany,DEU,2014,0.3826,0.5866,0.6522332083191271
Germany,DEU,2015,0.3817,0.5867,0.6505880347707517
Germany,DEU,2016,0.3811,0.5868,0.6494546693933198
Germany,DEU,2017,0.3781,0.5858,0.6454421304199386
Germany,DEU,2018,0.3737,0.5885,0.6350042480883602
Germany,DEU,2019,0.3745,0.5857,0.6394058391668089
Germany,DEU,2020,0.3745,0.5832,0.6421467764060356
Germany,DEU,2021,0.3742,0.5856,0.6390027322404371
Germany,DEU,2022,0.3764,0.5852,0.6431989063568011
Germany,DEU,2023,0.3765,0.5844,0.6442505133470225
Germany,DEU,2024,0.3765,0.5852,0.6433697881066301
Denmark,DNK,2000,0.3139,0.5425,0.5786175115207374
Denmark,DNK,2001,0.2968,0.5197,0.5710987107946892
Denmark,DNK,2002,0.2908,0.5126000000000001,0.5673039406944986
Denmark,DNK,2003,0.2864,0.5063,0.5656725261702548
Denmark,DNK,2004,0.2922,0.5098,0.5731659474303649
Denmark,DNK,2005,0.3081,0.5165000000000001,0.596515004840271
Denmark,DNK,2006,0.3123,0.5118,0.6101992966002344
Denmark,DNK,2007,0.3065,0.5111,0.5996869497162982
Denmark,DNK,2008,0.3021,0.4891,0.6176650991617256
Denmark,DNK,2009,0.2914,0.5092,0.5722702278083268
Denmark,DNK,2010,0.3172,0.5107,0.6211082827491677
Denmark,DNK,2011,0.3181,0.5006,0.635437475029964
Denmark,DNK,2012,0.319,0.4938,0.6460105305791819
Denmark,DNK,2013,0.3293,0.4996,0.6591273018414732
Denmark,DNK,2014,0.3367,0.5041,0.6679230311446142
Denmark,DNK,2015,0.3319,0.5018,0.6614188919888401
Denmark,DNK,2016,0.3349,0.5032,0.6655405405405406
Denmark,DNK,2017,0.3351,0.5064000000000001,0.6617298578199051
Denmark,DNK,2018,0.3351,0.5075000000000001,0.660295566502463
Denmark,DNK,2019,0.3324,0.5045000000000001,0.658870168483647
Denmark,DNK,2020,0.3324,0.5045000000000001,0.658870168483647
Denmark,DNK,2021,0.333,0.5079,0.6556408741878322
Denmark,DNK,2022,0.3331,0.5071,0.656872411753106
Denmark,DNK,2023,0.3338,0.5013000000000001,0.6658687412726909
Denmark,DNK,2024,0.3338,0.5026,0.6641464385196975
Spain,ESP,2000,0.3424,0.5729000000000001,0.5976610228661197
Spain,ESP,2001,0.3369,0.5542,0.6079032840129917
Spain,ESP,2002,0.3396,0.5525,0.6146606334841629
Spain,ESP,2003,0.342,0.5496,0.6222707423580787
Spain,ESP,2004,0.3403,0.5343,0.6369081040613888
Spain,ESP,2005,0.3371,0.5275000000000001,0.6390521327014217
Spain,ESP,2006,0.3468,0.5358,0.6472564389697648
Spain,ESP,2007,0.3457,0.5607,0.6165507401462458
Spain,ESP,2008,0.348,0.5447000000000001,0.6388837892417844
Spain,ESP,2009,0.3588,0.5597,0.6410577094872253
Spain,ESP,2010,0.3433,0.5577,0.615563923256231
Spain,ESP,2011,0.3406,0.5612,0.6069137562366358
Spain,ESP,2012,0.3464,0.5677,0.6101814338559098
Spain,ESP,2013,0.3469,0.5688,0.6098804500703235
Spain,ESP,2014,0.3488,0.5833,0.5979770272587005
Spain,ESP,2015,0.3532,0.5757,0.6135139829772451
Spain,ESP,2016,0.3511,0.5747,0.610927440403689
Spain,ESP,2017,0.3507,0.5746,0.6103376261747303
Spain,ESP,2018,0.3465,0.5741,0.6035533879115136
Spain,ESP,2019,0.3412,0.5719000000000001,0.5966077985661828
Spain,ESP,2020,0.3412,0.5702,0.5983865310417397
Spain,ESP,2021,0.3427,0.5724,0.5987071977638015
Spain,ESP,2022,0.3425,0.5709000000000001,0.5999299351900508
Spain,ESP,2023,0.3397,0.5716,0.594296710986704
Spain,ESP,2024,0.3397,0.5735,0.5923278116826504
Estonia,EST,2000,0.4215,0.6737000000000001,0.6256493988422145
Estonia,EST,2001,0.4114,0.6702,0.6138466129513578
Estonia,EST,2002,0.4293,0.6766,0.63449600945906
Estonia,EST,2003,0.4277,0.6763,0.6324116516338903
Estonia,EST,2004,0.4095,0.6701,0.611102820474556
Estonia,EST,2005,0.4472,0.6821,0.6556223427649904
Estonia,EST,2006,0.4085,0.6695,0.6101568334578044
Estonia,EST,2007,0.3947,0.6673,0.5914880863179979
Estonia,EST,2008,0.3755,0.6631,0.5662795958377318
Estonia,EST,2009,0.3442,0.6546000000000001,0.5258172930033608
Estonia,EST,2010,0.3596,0.6608,0.5441888619854721
Estonia,EST,2011,0.3728,0.6633,0.562038293381577
Estonia,EST,2012,0.3923,0.667,0.5881559220389805
Estonia,EST,2013,0.3889,0.6664,0.5835834333733494
Estonia,EST,2014,0.3849,0.6665,0.5774943735933984
Estonia,EST,2015,0.3588,0.6556000000000001,0.5472849298352653
Estonia,EST,2016,0.3541,0.6534,0.5419344964799511
Estonia,EST,2017,0.3539,0.6603,0.5359684991670453
Estonia,EST,2018,0.3555,0.6606000000000001,0.5381471389645776
Estonia,EST,2019,0.4076,0.6731,0.6055563809240826
Estonia,EST,2020,0.4076,0.6731,0.6055563809240826
Estonia,EST,2021,0.4148,0.6743,0.615156458549607
Estonia,EST,2022,0.4228,0.6793,0.6224054173413809
Estonia,EST,2023,0.4138,0.6775,0.6107749077490775
Estonia,EST,2024,0.4138,0.6802,0.608350485151426
Finland,FIN,2000,0.346,0.5697,0.6073371950149201
Finland,FIN,2001,0.3376,0.5612,0.6015680684248039
Finland,FIN,2002,0.3325,0.5641,0.5894344974295338
Finland,FIN,2003,0.3258,0.5703,0.5712782745923197
Finland,FIN,2004,0.3379,0.5722,0.5905277874868926
Finland,FIN,2005,0.3213,0.5698,0.5638820638820639
Finland,FIN,2006,0.3336,0.5698,0.5854685854685855
Finland,FIN,2007,0.3311,0.5588000000000001,0.59251968503937
Finland,FIN,2008,0.3406,0.5371,0.6341463414634146
Finland,FIN,2009,0.3228,0.5392,0.5986646884272997
Finland,FIN,2010,0.3264,0.552,0.591304347826087
Finland,FIN,2011,0.3235,0.5465,0.5919487648673376
Finland,FIN,2012,0.3177,0.5424,0.5857300884955752
Finland,FIN,2013,0.3153,0.5488000000000001,0.5745262390670554
Finland,FIN,2014,0.3205,0.5491,0.5836823893644145
Finland,FIN,2015,0.3293,0.5513,0.5973154362416107
Finland,FIN,2016,0.329,0.5559000000000001,0.5918330635006296
Finland,FIN,2017,0.3386,0.5607,0.6038879971464242
Finland,FIN,2018,0.3359,0.5606,0.599179450588655
Finland,FIN,2019,0.3312,0.5579000000000001,0.5936547768417278
Finland,FIN,2020,0.3312,0.5574,0.5941872981700753
Finland,FIN,2021,0.3264,0.5594,0.5834823024669289
Finland,FIN,2022,0.3225,0.5558000000000001,0.5802446923353723
Finland,FIN,2023,0.3072,0.5547000000000001,0.5538128718226066
Finland,FIN,2024,0.3072,0.5551,0.5534137993154385
France,FRA,2000,0.3359,0.605,0.5552066115702479
France,FRA,2001,0.3378,0.5963,0.5664933758175414
France,FRA,2002,0.3361,0.5812,0.5782863041982106
France,FRA,2003,0.3375,0.5731,0.5889024603036119
France,FRA,2004,0.3431,0.5668000000000001,0.6053281580804516
France,FRA,2005,0.3426,0.5586,0.6133190118152525
France,FRA,2006,0.3403,0.5614,0.606163163519772
France,FRA,2007,0.3492,0.5674,0.6154388438491364
France,FRA,2008,0.352,0.5625,0.6257777777777778
France,FRA,2009,0.333,0.5665,0.587819947043248
France,FRA,2010,0.3381,0.5834,0.5795337675694207
France,FRA,2011,0.3392,0.5768,0.5880721220527046
France,FRA,2012,0.3292,0.5723,0.5752227852524899
France,FRA,2013,0.3233,0.5788,0.5585694540428473
France,FRA,2014,0.3249,0.5870000000000001,0.5534923339011925
France,FRA,2015,0.3334,0.5894,0.5656599932134373
France,FRA,2016,0.3338,0.5871000000000001,0.5685573156191449
France,FRA,2017,0.3364,0.5883,0.5718171001189868
France,FRA,2018,0.3433,0.5919,0.5799966210508531
France,FRA,2019,0.3406,0.5913,0.5760189413157449
France,FRA,2020,0.3384,0.5894,0.5741431964709873
France,FRA,2021,0.349,0.597,0.5845896147403685
France,FRA,2022,0.344,0.5961000000000001,0.5770843818151316
France,FRA,2023,0.3403,0.597,0.5700167504187604
France,FRA,2024,0.3403,0.5988,0.5683032732130928
United Kingdom,GBR,2000,0.3597,0.5578000000000001,0.6448547866618859
United Kingdom,GBR,2001,0.363,0.5511,0.6586826347305389
United Kingdom,GBR,2002,0.3659,0.5545,0.6598737601442741
United Kingdom,GBR,2003,0.3781,0.5449,0.6938887869333822
United Kingdom,GBR,2004,0.3721,0.5403,0.6886914677031278
United Kingdom,GBR,2005,0.384,0.5415,0.7091412742382271
United Kingdom,GBR,2006,0.3873,0.5444,0.711425422483468
United Kingdom,GBR,2007,0.3876,0.5439,0.712630998345284
United Kingdom,GBR,2008,0.3707,0.5381,0.688905407916744
United Kingdom,GBR,2009,0.3865,0.5441,0.7103473626171659
United Kingdom,GBR,2010,0.3484,0.5463,0.6377448288486179
United Kingdom,GBR,2011,0.358,0.5584,0.6411174785100286
United Kingdom,GBR,2012,0.3669,0.5568000000000001,0.6589439655172413
United Kingdom,GBR,2013,0.3881,0.5677,0.683635723093183
United Kingdom,GBR,2014,0.3686,0.5781000000000001,0.6376059505275903
United Kingdom,GBR,2015,0.3569,0.5661,0.6304539833951598
United Kingdom,GBR,2016,0.3572,0.5714,0.6251312565628282
United Kingdom,GBR,2017,0.3612,0.5755,0.6276281494352737
United Kingdom,GBR,2018,0.3612,0.5714,0.6321316065803291
United Kingdom,GBR,2019,0.3579,0.5695,0.6284460052677787
United Kingdom,GBR,2020,0.3579,0.5684,0.6296622097114708
United Kingdom,GBR,2021,0.36,0.5702,0.6313574184496668
United Kingdom,GBR,2022,0.3625,0.5707,0.6351848606973892
United Kingdom,GBR,2023,0.3622,0.5712,0.6341036414565826
United Kingdom,GBR,2024,0.3622,0.5714,0.6338816940847043
Greece,GRC,2000,0.4024,0.5015000000000001,0.8023928215353937
Greece,GRC,2001,0.3983,0.5014000000000001,0.7943757479058634
Greece,GRC,2002,0.376,0.4954,0.7589826402906742
Greece,GRC,2003,0.3628,0.4915,0.738148524923703
Greece,GRC,2004,0.3712,0.4935,0.7521783181357649
Greece,GRC,2005,0.3747,0.4967,0.7543789007449164
Greece,GRC,2006,0.3664,0.4956,0.7393058918482648
Greece,GRC,2007,0.3556,0.4943,0.719401173376492
Greece,GRC,2008,0.3315,0.4940000000000001,0.6710526315789472
Greece,GRC,2009,0.325,0.4834,0.6723210591642532
Greece,GRC,2010,0.3374,0.5051,0.6679865373193427
Greece,GRC,2011,0.3143,0.5178,0.6069911162611047
Greece,GRC,2012,0.3177,0.5448000000000001,0.5831497797356827
Greece,GRC,2013,0.3332,0.5803,0.5741857659831121
Greece,GRC,2014,0.3573,0.5942000000000001,0.6013126893301918
Greece,GRC,2015,0.3546,0.5906,0.6004063664070437
Greece,GRC,2016,0.3425,0.5843,0.5861714872497005
Greece,GRC,2017,0.3392,0.5998,0.5655218406135378
Greece,GRC,2018,0.3298,0.6025,0.5473858921161825
Greece,GRC,2019,0.3264,0.6016,0.5425531914893618
Greece,GRC,2020,0.3264,0.5985,0.5453634085213033
Greece,GRC,2021,0.3309,0.6045,0.547394540942928
Greece,GRC,2022,0.3353,0.6008,0.5580892143808256
Greece,GRC,2023,0.3321,0.6045,0.5493796526054591
Greece,GRC,2024,0.3321,0.6091,0.5452306681989821
Hungary,HUN,2000,0.2887,0.5915,0.48808114961961113
Hungary,HUN,2001,0.3071,0.5929,0.5179625569235958
Hungary,HUN,2002,0.3239,0.595,0.5443697478991597
Hungary,HUN,2003,0.324,0.595,0.5445378151260505
Hungary,HUN,2004,0.3167,0.5941000000000001,0.5330752398586096
Hungary,HUN,2005,0.3338,0.5969,0.5592226503601944
Hungary,HUN,2006,0.3469,0.5989,0.5792285857405243
Hungary,HUN,2007,0.3497,0.5993,0.5835140997830802
Hungary,HUN,2008,0.3422,0.5981000000000001,0.5721451262330713
Hungary,HUN,2009,0.3335,0.5971000000000001,0.5585329090604588
Hungary,HUN,2010,0.337,0.5973,0.5642055918299012
Hungary,HUN,2011,0.3287,0.5959,0.5516026178889075
Hungary,HUN,2012,0.3196,0.5946,0.5375042045072317
Hungary,HUN,2013,0.3337,0.5969,0.5590551181102362
Hungary,HUN,2014,0.3291,0.5962000000000001,0.5519959745051995
Hungary,HUN,2015,0.3288,0.6188,0.5313510019392372
Hungary,HUN,2016,0.3306,0.6475000000000001,0.5105791505791505
Hungary,HUN,2017,0.3299,0.6716000000000001,0.4912150089338892
Hungary,HUN,2018,0.3248,0.67,0.48477611940298504
Hungary,HUN,2019,0.3289,0.6712,0.49001787842669847
Hungary,HUN,2020,0.3289,0.6711,0.49009089554462826
Hungary,HUN,2021,0.3284,0.671,0.48941877794336813
Hungary,HUN,2022,0.3337,0.672,0.4965773809523809
Hungary,HUN,2023,0.3311,0.6716000000000001,0.4930017867778439
Hungary,HUN,2024,0.3311,0.6716000000000001,0.4930017867778439
Ireland,IRL,2000,0.3647,0.7006,0.5205538110191265
Ireland,IRL,2001,0.3537,0.6955,0.5085549964054638
Ireland,IRL,2002,0.3554,0.6958000000000001,0.5107789594711123
Ireland,IRL,2003,0.3626,0.6980000000000001,0.519484240687679
Ireland,IRL,2004,0.3606,0.6974,0.5170633782621163
Ireland,IRL,2005,0.3709,0.7008,0.5292522831050228
Ireland,IRL,2006,0.3749,0.7024,0.5337414578587699
Ireland,IRL,2007,0.3598,0.6994,0.5144409493851873
Ireland,IRL,2008,0.3223,0.6967,0.4626094445241854
Ireland,IRL,2009,0.3251,0.6925,0.46945848375451266
Ireland,IRL,2010,0.3231,0.6967,0.4637577149418688
Ireland,IRL,2011,0.3317,0.7003,0.4736541482221905
Ireland,IRL,2012,0.3079,0.6985,0.4408017179670723
Ireland,IRL,2013,0.3237,0.7004,0.462164477441462
Ireland,IRL,2014,0.3284,0.7227,0.45440708454407086
Ireland,IRL,2015,0.3526,0.7142000000000001,0.4936992439092691
Ireland,IRL,2016,0.3607,0.6906,0.5222994497538372
Ireland,IRL,2017,0.3476,0.6818000000000001,0.5098269287180991
Ireland,IRL,2018,0.362,0.6638000000000001,0.5453449834287435
Ireland,IRL,2019,0.3685,0.6644,0.554635761589404
Ireland,IRL,2020,0.3685,0.6634,0.5554718118782032
Ireland,IRL,2021,0.3691,0.6643,0.5556224597320487
Ireland,IRL,2022,0.3694,0.6663,0.5544049227074891
Ireland,IRL,2023,0.3687,0.6588,0.5596539162112932
Ireland,IRL,2024,0.3687,0.6628000000000001,0.5562764031382016
Italy,ITA,2000,0.3092,0.4725,0.6543915343915344
Italy,ITA,2001,0.313,0.5279,0.5929153248721348
Italy,ITA,2002,0.3086,0.5840000000000001,0.5284246575342465
Italy,ITA,2003,0.3086,0.5891000000000001,0.5238499405873366
Italy,ITA,2004,0.3075,0.5977,0.51447214321566
Italy,ITA,2005,0.3066,0.5749000000000001,0.5333101408940685
Italy,ITA,2006,0.3086,0.5546,0.556437071763433
Italy,ITA,2007,0.3104,0.5498000000000001,0.5645689341578756
Italy,ITA,2008,0.3072,0.5461,0.5625343343709942
Italy,ITA,2009,0.3042,0.5564,0.5467289719626168
Italy,ITA,2010,0.3089,0.5740000000000001,0.5381533101045296
Italy,ITA,2011,0.3129,0.5807,0.5388324436025487
Italy,ITA,2012,0.3116,0.5948,0.5238735709482178
Italy,ITA,2013,0.3084,0.5842,0.5279014036288942
Italy,ITA,2014,0.3087,0.5854,0.5273317389818927
Italy,ITA,2015,0.3075,0.5658000000000001,0.5434782608695651
Italy,ITA,2016,0.3215,0.5608000000000001,0.5732881597717546
Italy,ITA,2017,0.3289,0.5624,0.5848150782361309
Italy,ITA,2018,0.3286,0.5624,0.5842816500711238
Italy,ITA,2019,0.3268,0.562,0.5814946619217081
Italy,ITA,2020,0.3268,0.562,0.5814946619217081
Italy,ITA,2021,0.323,0.5611,0.5756549634646231
Italy,ITA,2022,0.3232,0.5612,0.5759087669280113
Italy,ITA,2023,0.3231,0.5611,0.5758331848155408
Italy,ITA,2024,0.3231,0.5612,0.5757305773342837
Japan,JPN,2000,0.4022,0.5835,0.6892887746358183
Japan,JPN,2001,0.4148,0.5845,0.7096663815226689
Japan,JPN,2002,0.4248,0.5874,0.7231869254341164
Japan,JPN,2003,0.4322,0.5895,0.7331636980491941
Japan,JPN,2004,0.442,0.5922000000000001,0.746369469773725
Japan,JPN,2005,0.444,0.5931000000000001,0.7486090035407181
Japan,JPN,2006,0.4462,0.5939,0.7513049334904867
Japan,JPN,2007,0.4479,0.5945,0.7534062237174096
Japan,JPN,2008,0.4394,0.5915,0.7428571428571429
Japan,JPN,2009,0.4281,0.5883,0.7276899541050483
Japan,JPN,2010,0.4344,0.5904,0.7357723577235772
Japan,JPN,2011,0.4331,0.5899,0.7341922359721986
Japan,JPN,2012,0.4338,0.5902000000000001,0.7350050830227042
Japan,JPN,2013,0.4352,0.5906,0.7368777514392143
Japan,JPN,2014,0.435,0.5905,0.7366638441998307
Japan,JPN,2015,0.4358,0.5908,0.7376438727149628
Japan,JPN,2016,0.4353,0.5906,0.7370470707754826
Japan,JPN,2017,0.435,0.5904,0.7367886178861788
Japan,JPN,2018,0.435,0.5905,0.7366638441998307
Japan,JPN,2019,0.435,0.5905,0.7366638441998307
Japan,JPN,2020,0.435,0.5905,0.7366638441998307
Japan,JPN,2021,0.435,0.5909,0.7361651717718735
Japan,JPN,2022,0.435,0.5904,0.7367886178861788
Japan,JPN,2023,0.435,0.5905,0.7366638441998307
Japan,JPN,2024,0.435,0.5912000000000001,0.7357916102841677
South Korea,KOR,2000,0.2877,0.6406000000000001,0.44911020917889477
South Korea,KOR,2001,0.2925,0.6488,0.45083230579531436
South Korea,KOR,2002,0.3031,0.6377,0.4753018660812294
South Korea,KOR,2003,0.3135,0.6546000000000001,0.4789184234647112
South Korea,KOR,2004,0.3237,0.6365000000000001,0.5085624509033778
South Korea,KOR,2005,0.3336,0.6536000000000001,0.5104039167686658
South Korea,KOR,2006,0.3459,0.5897,0.5865694420891979
South Korea,KOR,2007,0.3565,0.6116,0.5828973185088292
South Korea,KOR,2008,0.363,0.6306,0.5756422454804947
South Korea,KOR,2009,0.3605,0.6451,0.5588280886684235
South Korea,KOR,2010,0.3837,0.6684,0.5740574506283662
South Korea,KOR,2011,0.3777,0.6273000000000001,0.6021042563366809
South Korea,KOR,2012,0.3734,0.6763,0.5521218394203756
South Korea,KOR,2013,0.357,0.6617000000000001,0.5395194196765906
South Korea,KOR,2014,0.3607,0.6629,0.5441243023080404
South Korea,KOR,2015,0.3694,0.6647000000000001,0.555739431322401
South Korea,KOR,2016,0.377,0.665,0.5669172932330827
South Korea,KOR,2017,0.385,0.6672,0.5770383693045563
South Korea,KOR,2018,0.3821,0.6685,0.5715781600598354
South Korea,KOR,2019,0.3677,0.6642,0.5535983137609154
South Korea,KOR,2020,0.3739,0.6636000000000001,0.5634418324291741
South Korea,KOR,2021,0.3831,0.6668000000000001,0.5745350929814037
South Korea,KOR,2022,0.3776,0.6647000000000001,0.5680758236798555
South Korea,KOR,2023,0.3776,0.6632,0.5693606755126659
South Korea,KOR,2024,0.3776,0.6639,0.5687603554752221
Lithuania,LTU,2000,0.3338,0.5672,0.5885049365303243
Lithuania,LTU,2001,0.3356,0.5675,0.5913656387665198
Lithuania,LTU,2002,0.3288,0.5665,0.580406001765225
Lithuania,LTU,2003,0.3413,0.5682,0.6006687785990847
Lithuania,LTU,2004,0.3549,0.5727,0.6196961760083813
Lithuania,LTU,2005,0.3607,0.5746,0.6277410372432998
Lithuania,LTU,2006,0.3397,0.5678000000000001,0.5982740401549841
Lithuania,LTU,2007,0.374,0.5769000000000001,0.6482925983706014
Lithuania,LTU,2008,0.3777,0.5777,0.6537995499394149
Lithuania,LTU,2009,0.3777,0.5782,0.6532341750259425
Lithuania,LTU,2010,0.3497,0.5709000000000001,0.6125416009809073
Lithuania,LTU,2011,0.3506,0.5708,0.6142256482130344
Lithuania,LTU,2012,0.3773,0.5777,0.6531071490392938
Lithuania,LTU,2013,0.3837,0.5786,0.6631524369166955
Lithuania,LTU,2014,0.4171,0.5866,0.7110467098533925
Lithuania,LTU,2015,0.3766,0.5803,0.6489746682750301
Lithuania,LTU,2016,0.375,0.5769000000000001,0.6500260010400415
Lithuania,LTU,2017,0.388,0.5792,0.6698895027624309
Lithuania,LTU,2018,0.3751,0.5545,0.6764652840396753
Lithuania,LTU,2019,0.3735,0.5902000000000001,0.6328363266689258
Lithuania,LTU,2020,0.3667,0.5902000000000001,0.6213148085394782
Lithuania,LTU,2021,0.3591,0.5886,0.610091743119266
Lithuania,LTU,2022,0.3611,0.5901000000000001,0.611930181325199
Lithuania,LTU,2023,0.3563,0.5892000000000001,0.6047182620502376
Lithuania,LTU,2024,0.3563,0.5892000000000001,0.6047182620502376
Latvia,LVA,2000,0.3661,0.6525000000000001,0.5610727969348658
Latvia,LVA,2001,0.3612,0.6514,0.5544980042984342
Latvia,LVA,2002,0.375,0.6539,0.5734821838201559
Latvia,LVA,2003,0.3795,0.6547000000000001,0.5796548037268978
Latvia,LVA,2004,0.3866,0.6562,0.5891496494971046
Latvia,LVA,2005,0.4015,0.6584,0.6098116646415553
Latvia,LVA,2006,0.3595,0.6507000000000001,0.5524819425234362
Latvia,LVA,2007,0.3864,0.6559,0.5891141942369263
Latvia,LVA,2008,0.3795,0.6546000000000001,0.5797433547204399
Latvia,LVA,2009,0.3818,0.6559,0.58210093001982
Latvia,LVA,2010,0.3638,0.6526000000000001,0.5574624578608642
Latvia,LVA,2011,0.3739,0.6545000000000001,0.5712757830404889
Latvia,LVA,2012,0.3791,0.6552,0.5786019536019535
Latvia,LVA,2013,0.38,0.6554,0.5797985962770827
Latvia,LVA,2014,0.3686,0.653,0.5644716692189893
Latvia,LVA,2015,0.3588,0.6426000000000001,0.5583566760037348
Latvia,LVA,2016,0.3417,0.6251,0.546632538793793
Latvia,LVA,2017,0.3627,0.6098,0.5947851754673664
Latvia,LVA,2018,0.357,0.6072000000000001,0.5879446640316205
Latvia,LVA,2019,0.3551,0.6063000000000001,0.5856836549562923
Latvia,LVA,2020,0.3551,0.6063000000000001,0.5856836549562923
Latvia,LVA,2021,0.3568,0.6073000000000001,0.5875185246171578
Latvia,LVA,2022,0.3566,0.6072000000000001,0.5872859025032937
Latvia,LVA,2023,0.354,0.6059,0.5842548275292953
Latvia,LVA,2024,0.354,0.606,0.5841584158415841
Mexico,MEX,2000,0.5445,0.6673,0.8159748239172786
Mexico,MEX,2001,0.5445,0.6679,0.8152418026650695
Mexico,MEX,2002,0.5445,0.6674,0.8158525621816002
Mexico,MEX,2003,0.5702,0.7089000000000001,0.8043447594865284
Mexico,MEX,2004,0.5959,0.7187,0.8291359398914707
Mexico,MEX,2005,0.5914,0.7168,0.8250558035714286
Mexico,MEX,2006,0.5869,0.7156,0.8201509223029625
Mexico,MEX,2007,0.6184000000000001,0.7228,0.8555617044825679
Mexico,MEX,2008,0.6499,0.7264,0.8946861233480176
Mexico,MEX,2009,0.6354000000000001,0.7243,0.8772608035344471
Mexico,MEX,2010,0.6208,0.7229,0.8587633144279984
Mexico,MEX,2011,0.6293000000000001,0.7273000000000001,0.865255052935515
Mexico,MEX,2012,0.6379,0.7281000000000001,0.8761159181431122
Mexico,MEX,2013,0.6349,0.7287,0.8712776176753122
Mexico,MEX,2014,0.6319,0.7286,0.8672797145209992
Mexico,MEX,2015,0.6298,0.7302000000000001,0.8625034237195288
Mexico,MEX,2016,0.6277,0.7272000000000001,0.8631738173817382
Mexico,MEX,2017,0.6414000000000001,0.7306,0.8779085683000275
Mexico,MEX,2018,0.6551,0.734,0.8925068119891009
Mexico,MEX,2019,0.6357,0.7298,0.8710605645382297
Mexico,MEX,2020,0.6163000000000001,0.7260000000000001,0.8488980716253444
Mexico,MEX,2021,0.6035,0.7246,0.8328733094120895
Mexico,MEX,2022,0.5907,0.7213,0.8189380285595452
Mexico,MEX,2023,0.5907,0.7185,0.8221294363256785
Mexico,MEX,2024,0.5907,0.7205,0.8198473282442748
Netherlands,NLD,2000,0.2784,0.5511,0.5051714752313554
Netherlands,NLD,2001,0.2875,0.538,0.5343866171003717
Netherlands,NLD,2002,0.2871,0.522,0.55
Netherlands,NLD,2003,0.289,0.5171,0.5588860955327789
Netherlands,NLD,2004,0.294,0.5218,0.5634342660022996
Netherlands,NLD,2005,0.2972,0.5154,0.5766395032984091
Netherlands,NLD,2006,0.2963,0.5188,0.5711256746337702
Netherlands,NLD,2007,0.3102,0.5118,0.6060961313012895
Netherlands,NLD,2008,0.2855,0.5012,0.569632881085395
Netherlands,NLD,2009,0.2865,0.5085000000000001,0.5634218289085544
Netherlands,NLD,2010,0.2917,0.508,0.5742125984251969
Netherlands,NLD,2011,0.2894,0.4949,0.5847645989088704
Netherlands,NLD,2012,0.2925,0.5003000000000001,0.5846492104737157
Netherlands,NLD,2013,0.2843,0.5189,0.547889766814415
Netherlands,NLD,2014,0.2927,0.501,0.5842315369261477
Netherlands,NLD,2015,0.2925,0.4951,0.5907897394465764
Netherlands,NLD,2016,0.2922,0.4827,0.6053449347420758
Netherlands,NLD,2017,0.2988,0.5021,0.5951005775741884
Netherlands,NLD,2018,0.2957,0.4666,0.633733390484355
Netherlands,NLD,2019,0.2937,0.454,0.6469162995594714
Netherlands,NLD,2020,0.2937,0.4533,0.6479152878888155
Netherlands,NLD,2021,0.2965,0.4548,0.6519349164467898
Netherlands,NLD,2022,0.2998,0.4542,0.6600616468516073
Netherlands,NLD,2023,0.304,0.4548,0.6684256816182937
Netherlands,NLD,2024,0.304,0.4553,0.6676916318910608
Norway,NOR,2000,0.3265,0.512,0.6376953125
Norway,NOR,2001,0.3024,0.5086,0.5945733385764844
Norway,NOR,2002,0.3068,0.5091,0.6026320958554312
Norway,NOR,2003,0.3125,0.51,0.6127450980392157
Norway,NOR,2004,0.3297,0.513,0.6426900584795321
Norway,NOR,2005,0.3772,0.5278,0.7146646456991284
Norway,NOR,2006,0.3353,0.5144000000000001,0.6518273716951787
Norway,NOR,2007,0.3378,0.5146000000000001,0.6564321803342401
Norway,NOR,2008,0.3429,0.5156000000000001,0.6650504266873545
Norway,NOR,2009,0.3106,0.5096,0.6094976452119308
Norway,NOR,2010,0.3267,0.5121,0.6379613356766256
Norway,NOR,2011,0.3292,0.505,0.6518811881188119
Norway,NOR,2012,0.3313,0.4879,0.6790325886452141
Norway,NOR,2013,0.3255,0.4908,0.66320293398533
Norway,NOR,2014,0.3234,0.4844,0.6676300578034683
Norway,NOR,2015,0.3076,0.4906,0.6269873624133714
Norway,NOR,2016,0.3064,0.4918,0.6230174867832452
Norway,NOR,2017,0.3096,0.5007,0.6183343319352905
Norway,NOR,2018,0.3202,0.5114000000000001,0.6261243644896362
Norway,NOR,2019,0.3023,0.5303,0.5700546860267773
Norway,NOR,2020,0.3023,0.5252,0.5755902513328256
Norway,NOR,2021,0.3029,0.5286000000000001,0.5730230798335224
Norway,NOR,2022,0.3065,0.5299,0.5784110209473485
Norway,NOR,2023,0.3064,0.526,0.5825095057034221
Norway,NOR,2024,0.3064,0.527,0.581404174573055
New Zealand,NZL,2000,0.3717,0.5767,0.6445292179642795
New Zealand,NZL,2001,0.3824,0.5788,0.6606772633033864
New Zealand,NZL,2002,0.371,0.5766,0.6434269857787027
New Zealand,NZL,2003,0.3711,0.5770000000000001,0.6431542461005199
New Zealand,NZL,2004,0.4091,0.5834,0.7012341446691807
New Zealand,NZL,2005,0.3673,0.5760000000000001,0.6376736111111111
New Zealand,NZL,2006,0.3177,0.5652,0.5621019108280254
New Zealand,NZL,2007,0.3273,0.5683,0.5759282069329579
New Zealand,NZL,2008,0.3482,0.5751000000000001,0.6054599200139106
New Zealand,NZL,2009,0.3773,0.5804,0.6500689179875948
New Zealand,NZL,2010,0.4126,0.5867,0.7032554968467701
New Zealand,NZL,2011,0.3869,0.5834,0.6631813507027768
New Zealand,NZL,2012,0.345,0.5731,0.6019891816436921
New Zealand,NZL,2013,0.3379,0.5701,0.5927030345553411
New Zealand,NZL,2014,0.3347,0.5693,0.5879149833128403
New Zealand,NZL,2015,0.3316,0.5691,0.5826743981725531
New Zealand,NZL,2016,0.3284,0.5678000000000001,0.5783726664318422
New Zealand,NZL,2017,0.3316,0.5689000000000001,0.5828792406398312
New Zealand,NZL,2018,0.3187,0.5669000000000001,0.5621802787087669
New Zealand,NZL,2019,0.3397,0.5696,0.5963834269662921
New Zealand,NZL,2020,0.3619,0.5758,0.6285168461271275
New Zealand,NZL,2021,0.3815,0.5785,0.6594641313742438
New Zealand,NZL,2022,0.35,0.5699000000000001,0.6141428320758027
New Zealand,NZL,2023,0.35,0.5698,0.6142506142506142
New Zealand,NZL,2024,0.35,0.5706,0.6133894146512443
Poland,POL,2000,0.3326,0.6003000000000001,0.5540563051807429
Poland,POL,2001,0.3327,0.6005,0.554038301415487
Poland,POL,2002,0.343,0.6023000000000001,0.5694836460235763
Poland,POL,2003,0.3512,0.6052000000000001,0.5803040317250495
Poland,POL,2004,0.3639,0.6098,0.5967530337815677
Poland,POL,2005,0.3622,0.6099,0.5938678471880636
Poland,POL,2006,0.3705,0.6113000000000001,0.6060853917879927
Poland,POL,2007,0.3719,0.6112000000000001,0.6084751308900523
Poland,POL,2008,0.3782,0.6128,0.6171671018276762
Poland,POL,2009,0.3644,0.61,0.5973770491803279
Poland,POL,2010,0.3662,0.6103000000000001,0.6000327707684745
Poland,POL,2011,0.3698,0.6111,0.6051382752413681
Poland,POL,2012,0.3674,0.6107,0.6016047158997871
Poland,POL,2013,0.3659,0.6105,0.5993447993447993
Poland,POL,2014,0.3726,0.6118,0.6090225563909775
Poland,POL,2015,0.3778,0.6188,0.6105365223012282
Poland,POL,2016,0.3743,0.6161,0.6075312449277716
Poland,POL,2017,0.371,0.6152000000000001,0.6030559167750325
Poland,POL,2018,0.3745,0.616,0.6079545454545454
Poland,POL,2019,0.377,0.6166,0.6114174505351929
Poland,POL,2020,0.377,0.6166,0.6114174505351929
Poland,POL,2021,0.3774,0.6167,0.6119669207069888
Poland,POL,2022,0.377,0.6166,0.6114174505351929
Poland,POL,2023,0.3769,0.6166,0.6112552708400908
Poland,POL,2024,0.3769,0.6165,0.6113544201135441
Portugal,PRT,2000,0.3745,0.5871000000000001,0.6378811105433486
Portugal,PRT,2001,0.3938,0.5905,0.6668924640135477
Portugal,PRT,2002,0.3807,0.5874,0.6481103166496425
Portugal,PRT,2003,0.3752,0.5863,0.6399454204332252
Portugal,PRT,2004,0.3937,0.5897,0.6676276072579278
Portugal,PRT,2005,0.3879,0.5888,0.6587975543478262
Portugal,PRT,2006,0.3962,0.5898,0.6717531366564937
Portugal,PRT,2007,0.3954,0.5898,0.6703967446592065
Portugal,PRT,2008,0.3806,0.5888,0.6463994565217391
Portugal,PRT,2009,0.3747,0.5861000000000001,0.6393106978331342
Portugal,PRT,2010,0.3794,0.5870000000000001,0.6463373083475298
Portugal,PRT,2011,0.3827,0.5924,0.6460162052667117
Portugal,PRT,2012,0.3667,0.5937,0.6176520128010781
Portugal,PRT,2013,0.3725,0.596,0.625
Portugal,PRT,2014,0.3732,0.5933,0.6290241024776672
Portugal,PRT,2015,0.3717,0.5942000000000001,0.6255469538875799
Portugal,PRT,2016,0.373,0.5966,0.6252095206168287
Portugal,PRT,2017,0.3764,0.6087,0.6183670116642024
Portugal,PRT,2018,0.3674,0.6046,0.6076744955342375
Portugal,PRT,2019,0.3584,0.6016,0.5957446808510638
Portugal,PRT,2020,0.3584,0.6011000000000001,0.5962402262518715
Portugal,PRT,2021,0.3544,0.6005,0.5901748542880932
Portugal,PRT,2022,0.3544,0.5998,0.590863621207069
Portugal,PRT,2023,0.3545,0.5996,0.5912274849899932
Portugal,PRT,2024,0.3545,0.5998,0.5910303434478159
Slovakia,SVK,2000,0.2789,0.4181,0.6670652953838794
Slovakia,SVK,2001,0.2951,0.4189,0.7044640725710193
Slovakia,SVK,2002,0.2966,0.419,0.7078758949880668
Slovakia,SVK,2003,0.2898,0.4185,0.6924731182795699
Slovakia,SVK,2004,0.3116,0.4204,0.7411988582302569
Slovakia,SVK,2005,0.3079,0.4201,0.7329207331587718
Slovakia,SVK,2006,0.3116,0.4203,0.74137520818463
Slovakia,SVK,2007,0.3081,0.4199,0.7337461300309597
Slovakia,SVK,2008,0.2998,0.4191,0.7153424003817705
Slovakia,SVK,2009,0.2986,0.4191,0.7124791219279408
Slovakia,SVK,2010,0.3207,0.4211,0.7615768226074566
Slovakia,SVK,2011,0.3038,0.4259,0.7133129842686077
Slovakia,SVK,2012,0.2979,0.4424,0.6733725135623869
Slovakia,SVK,2013,0.3285,0.46,0.7141304347826087
Slovakia,SVK,2014,0.3017,0.4743,0.6360952983343876
Slovakia,SVK,2015,0.317,0.485,0.6536082474226804
Slovakia,SVK,2016,0.2947,0.4861,0.6062538572310225
Slovakia,SVK,2017,0.2747,0.4919,0.5584468387883716
Slovakia,SVK,2018,0.275,0.4922,0.5587159691182446
Slovakia,SVK,2019,0.2678,0.4943,0.5417762492413514
Slovakia,SVK,2020,0.2678,0.4936,0.5425445705024311
Slovakia,SVK,2021,0.2678,0.4944,0.5416666666666666
Slovakia,SVK,2022,0.2678,0.4937,0.5424346769293092
Slovakia,SVK,2023,0.2678,0.4937,0.5424346769293092
Slovakia,SVK,2024,0.2678,0.4940000000000001,0.5421052631578945
Slovenia,SVN,2000,0.29,0.4797,0.6045445069835313
Slovenia,SVN,2001,0.2867,0.4796,0.597789824854045
Slovenia,SVN,2002,0.2923,0.4798,0.6092121717382243
Slovenia,SVN,2003,0.3014,0.4804,0.6273938384679434
Slovenia,SVN,2004,0.3018,0.4805,0.6280957336108222
Slovenia,SVN,2005,0.3027,0.4806,0.6298377028714107
Slovenia,SVN,2006,0.3031,0.4806,0.6306699958385351
Slovenia,SVN,2007,0.3037,0.4806,0.6319184352892219
Slovenia,SVN,2008,0.3041,0.4806,0.6327507282563462
Slovenia,SVN,2009,0.2978,0.4802,0.620158267388588
Slovenia,SVN,2010,0.2985,0.4803,0.6214865708931917
Slovenia,SVN,2011,0.2926,0.503,0.5817097415506959
Slovenia,SVN,2012,0.2947,0.5289,0.5571941765929287
Slovenia,SVN,2013,0.293,0.5503,0.5324368526258404
Slovenia,SVN,2014,0.2996,0.5668000000000001,0.5285815102328862
Slovenia,SVN,2015,0.2902,0.5660000000000001,0.5127208480565371
Slovenia,SVN,2016,0.2939,0.5695,0.5160667251975417
Slovenia,SVN,2017,0.2947,0.5718,0.5153899965022736
Slovenia,SVN,2018,0.296,0.5719000000000001,0.5175730022731245
Slovenia,SVN,2019,0.2957,0.5718,0.5171388597411682
Slovenia,SVN,2020,0.2957,0.5718,0.5171388597411682
Slovenia,SVN,2021,0.2957,0.5719000000000001,0.5170484350410911
Slovenia,SVN,2022,0.2961,0.5719000000000001,0.5177478580171357
Slovenia,SVN,2023,0.2967,0.5720000000000001,0.5187062937062937
Slovenia,SVN,2024,0.2967,0.5720000000000001,0.5187062937062937
Sweden,SWE,2000,0.3108,0.6394000000000001,0.48608070065686576
Sweden,SWE,2001,0.2979,0.6336,0.47017045454545453
Sweden,SWE,2002,0.3016,0.6455000000000001,0.46723470178156457
Sweden,SWE,2003,0.3124,0.6459,0.4836662021984827
Sweden,SWE,2004,0.3184,0.6488,0.4907521578298397
Sweden,SWE,2005,0.3264,0.6396000000000001,0.5103189493433395
Sweden,SWE,2006,0.3378,0.639,0.5286384976525821
Sweden,SWE,2007,0.3302,0.6103000000000001,0.5410453875143372
Sweden,SWE,2008,0.3193,0.6047,0.5280304283115594
Sweden,SWE,2009,0.3049,0.6701,0.4550067154156096
Sweden,SWE,2010,0.3163,0.6609,0.4785898017854441
Sweden,SWE,2011,0.3113,0.6553,0.47504959560506643
Sweden,SWE,2012,0.2999,0.6788000000000001,0.4418090748379493
Sweden,SWE,2013,0.3006,0.6806,0.4416691154863356
Sweden,SWE,2014,0.3026,0.6856,0.44136522753792296
Sweden,SWE,2015,0.3109,0.685,0.4538686131386861
Sweden,SWE,2016,0.2933,0.6805,0.43100661278471714
Sweden,SWE,2017,0.3027,0.681,0.4444933920704846
Sweden,SWE,2018,0.2964,0.6824,0.43434935521688156
Sweden,SWE,2019,0.3049,0.6823,0.4468708779129415
Sweden,SWE,2020,0.3049,0.677,0.4503692762186115
Sweden,SWE,2021,0.3019,0.6846,0.44098743791995326
Sweden,SWE,2022,0.2971,0.6818000000000001,0.4357582868876503
Sweden,SWE,2023,0.2898,0.6802,0.42605116142311084
Sweden,SWE,2024,0.2898,0.6822,0.42480211081794195
Turkey,TUR,2000,0.557,0.6725,0.8282527881040893
Turkey,TUR,2001,0.5576,0.6734,0.828036828036828
Turkey,TUR,2002,0.5582,0.674,0.8281899109792284
Turkey,TUR,2003,0.552,0.6653,0.8297008868179769
Turkey,TUR,2004,0.5333,0.649,0.8217257318952234
Turkey,TUR,2005,0.5083,0.6315000000000001,0.8049089469517022
Turkey,TUR,2006,0.4985,0.6236,0.7993906350224502
Turkey,TUR,2007,0.4901,0.6126,0.8000326477309826
Turkey,TUR,2008,0.5019,0.6267,0.8008616562948779
Turkey,TUR,2009,0.519,0.6396000000000001,0.8114446529080674
Turkey,TUR,2010,0.5126000000000001,0.633,0.8097946287519748
Turkey,TUR,2011,0.515,0.6363,0.8093666509508094
Turkey,TUR,2012,0.5154,0.635,0.8116535433070865
Turkey,TUR,2013,0.5088,0.6298,0.8078755160368372
Turkey,TUR,2014,0.5173,0.639,0.809546165884194
Turkey,TUR,2015,0.5242,0.6436000000000001,0.8144810441267868
Turkey,TUR,2016,0.5272,0.6436000000000001,0.8191423244251087
Turkey,TUR,2017,0.552,0.6656000000000001,0.829326923076923
Turkey,TUR,2018,0.5594,0.6772,0.8260484347312463
Turkey,TUR,2019,0.5448000000000001,0.659,0.8267071320182094
Turkey,TUR,2020,0.5337000000000001,0.6483,0.8232299861175383
Turkey,TUR,2021,0.5201,0.639,0.8139280125195618
Turkey,TUR,2022,0.5454,0.6562,0.8311490399268515
Turkey,TUR,2023,0.5668000000000001,0.6923,0.8187202080023113
Turkey,TUR,2024,0.5443,0.6558,0.8299786520280573
United States,USA,2000,0.4273,0.6865,0.6224326292789513
United States,USA,2001,0.4194,0.6819000000000001,0.6150461944566651
United States,USA,2002,0.4149,0.6815,0.6088041085840059
United States,USA,2003,0.4164,0.6817000000000001,0.6108258764852573
United States,USA,2004,0.4242,0.6867000000000001,0.617737003058104
United States,USA,2005,0.4359,0.6863,0.635144980329302
United States,USA,2006,0.4429,0.6877,0.6440308273956667
United States,USA,2007,0.4404,0.6967,0.6321228649346922
United States,USA,2008,0.4356,0.7118,0.6119696543973026
United States,USA,2009,0.4245,0.7168,0.5922154017857143
United States,USA,2010,0.4381,0.7298,0.6003014524527267
United States,USA,2011,0.4426,0.7353000000000001,0.6019311845505235
United States,USA,2012,0.4559,0.7433000000000001,0.613345889950222
United States,USA,2013,0.449,0.7391000000000001,0.6074956027601136
United States,USA,2014,0.4558,0.7363000000000001,0.6190411517044682
United States,USA,2015,0.455,0.7321000000000001,0.6214997951099576
United States,USA,2016,0.4536,0.7278,0.6232481450948063
United States,USA,2017,0.4546,0.7184,0.6327951002227171
United States,USA,2018,0.4581,0.7165,0.639357990230286
United States,USA,2019,0.4567,0.7141000000000001,0.6395462820333286
United States,USA,2020,0.4461,0.7103,0.6280444882444037
United States,USA,2021,0.4607,0.7085,0.6502470007057163
United States,USA,2022,0.4686,0.6962,0.6730824475725367
United States,USA,2023,0.4676,0.6954,0.6724187517975266
United States,USA,2024,0.4676,0.6954,0.6724187517975266
